-217.953072549139,38.2627306937217,97.744371352312,177.006693211214,-1.13115074962175,-174.150615768226
-219.283065616826,36.2705741488104,98.022940319925,175.869095668835,-1.82068442347167,-173.516749377561
-219.547290728092,35.4062247623981,98.3273451275136,175.506571517314,-2.28496240063492,-173.512494068452
-219.137590027918,36.0107864413295,98.2429267909155,175.003887317889,-2.29993313025462,-174.256212603827
-218.694477211215,38.8749032457144,98.3126732429052,174.60560701863,-1.14858998428279,-174.541750417633
-218.177599747283,41.7246437704082,97.6744127069498,174.533999729908,0.00228420131840452,-174.991903156441
-217.727306078831,44.5026131296976,97.1327878437033,174.581562410555,1.16061661442584,-175.309810923466
-217.340150528152,46.1100355570257,96.6286032679809,174.737828794196,1.74266763776531,-175.741482088433
-216.448885806138,47.265272254583,97.3627298794235,174.974123758598,2.18687303328855,-176.115412820433
-215.517075045402,47.264642179986,98.2335399287221,175.310284807049,1.78855111934767,-176.738637072046
-214.30682939512,46.2573790611623,99.2960579316447,175.931615097502,1.09163742690268,-177.294961107493
-213.260115081753,44.9626205762446,100.153119197443,176.665424338823,0.408946801461057,-177.821805447165
-212.305815515973,43.9128118960662,100.844011284025,176.974864120028,0.00749978006657258,-178.094118815715
-211.254860049833,43.2465840529733,101.353467759743,177.027390491458,-0.329729793618963,-178.467805800469
-210.314943186532,43.5757487696446,101.742889543908,177.348481296229,-0.668243974075741,-179.342554914809
-209.083244999213,43.735601834134,102.30364426682,177.591023512383,-0.664033818315716,-179.509528532494
-207.814234308074,43.9422248265014,102.903309527449,177.849943639215,-0.549589199278324,-179.585558780153
-206.9624761873,44.7829889279859,102.606123422329,177.893247218701,-0.383442566884173,179.755657988407
-205.994394486107,44.8982114831176,102.605811116262,178.212243556995,-0.32371739006959,179.7432195252
-204.852919550342,45.2728765534605,102.996145369184,178.53322409614,-0.127453489698875,179.76883745329
-203.907991717742,46.0620216290795,102.764463901167,178.74069102153,0.234827165099895,179.699588611781
-202.909910997941,46.4990013350812,102.539015757929,178.686478432215,0.42290824423673,179.326855124363
-202.377541928021,46.6592189238887,102.509406597307,179.010679019651,0.517474334408948,179.345746776364
-200.715917746517,46.8133474006615,103.755144835192,179.642414649281,0.355393630412788,178.931520914153
-199.512916071296,46.7775168703584,104.144588182713,179.814622521342,0.206136496201811,178.448506160938
-198.434787982438,46.7677950481473,104.602262418237,179.982354071896,0.414607739395923,178.547075647292
-197.845544547474,46.4492448314939,104.738015277479,179.660002368975,0.306160592735317,178.521778628448
-197.348987669592,45.6752470285627,105.267302110751,179.536674477085,-0.155628549633269,178.648083717676
-196.410587328579,45.5026292561576,105.613393369914,179.8174923192,-0.413802759616485,178.272609398291
-195.980146871652,45.0221387597362,105.609428267407,-179.121275638153,-1.4657264284317,176.700259440354
-195.140131163811,45.0065628247299,105.320396741021,-178.228714859563,-1.80050218642988,176.002362205232
-193.922354092493,44.7874671853447,105.874777107588,-177.85215792243,-2.13732204962719,175.656893037345
-193.974467925551,44.5167499394806,105.925006280753,-176.5625579894,-2.38117272931783,176.296567147423
-193.280093589018,44.3798203150525,105.752465739222,-176.09364325097,-2.446165683172,176.155587841459
-192.376540927917,44.0192559350385,106.069366155105,-175.819102251892,-2.55009531832935,176.095466183189
-191.299383583112,43.7476319758512,106.33497776243,-175.639707779261,-2.78077991973096,175.927313244292
-189.638876521416,42.8811044035296,107.275631319217,-176.099896955492,-3.07406271639276,175.151419596877
-188.455911105087,42.8098446249374,107.583781932291,-175.682629962214,-3.40685658067501,174.920332930051
-187.33040503758,42.5255222834082,107.701759197881,-175.381813330736,-3.77819545531945,174.512862279127
-186.403303622232,42.2142115136486,107.706907241322,-175.096706334232,-3.97229704365681,174.3939370365
-185.020147218491,41.7351062518533,108.431010876836,-174.439277802435,-4.12696112115144,174.216504631953
-184.350893780718,41.6803007499662,108.142092129798,-174.840462338889,-4.10439466538923,174.292931674267
-183.202513870295,41.130196631495,108.341357880003,-174.718498300775,-4.30276111676209,174.255576971542
-181.919220072597,40.8596702609961,108.621800616907,-174.1851503837,-4.539583982941,174.047854747032
-180.241770150732,41.1314861931209,109.103813855803,-174.005597517254,-4.29710778801314,174.420792486536
-178.679227931719,41.0454611903883,109.226855403571,-173.057177296576,-4.48730303763941,174.139924149107
-177.393545326973,41.2424003009987,109.398313405825,-172.58458025502,-4.49191892861767,174.002061279191
-175.973791581458,41.4504211578639,109.277994423744,-172.171187022117,-4.52289799645729,173.968075020844
-174.642852787383,42.0049751684653,109.167909239011,-171.803313068743,-4.34463743968245,173.823096125005
-173.336650096743,41.9655749190868,109.271180751679,-171.322201629708,-4.44127033688431,173.470249366067
-172.226346849695,42.206198837898,109.051758587293,-171.009366245229,-4.45265775603216,173.243872540945
-171.052815393972,42.5447343089418,109.077297737778,-170.739303182187,-4.56058793650491,173.148905718566
-169.983460770728,42.6168099277434,108.940160645537,-170.401865085934,-4.55665770243667,173.19433235498
-168.704607343607,42.6392140508853,109.05331351699,-170.256298861104,-4.48569422878528,172.899829985861
-167.292971913206,43.2452036708643,108.706506568292,-169.981555623652,-4.41371943770037,172.480590465954
-166.132951887835,43.2908036787325,108.435562671036,-169.725583503561,-4.44538668695127,172.255854477693
-164.990920232977,42.9031422161116,108.207657692527,-169.488913284205,-4.43962416027021,172.236259270337
-163.498052287654,42.8790880830053,108.602871722466,-169.315745387648,-4.48338600709178,172.554092239096
-161.735022045319,43.359230970445,108.422693367666,-169.065392911702,-3.9634177502023,173.309946799453
-161.121839272681,43.0989981990867,108.131773424973,-168.432653435235,-4.23861476784946,172.158461470908
-159.99916417561,43.112832513605,108.084263679795,-168.304055438977,-4.29266355956958,171.883650630435
-158.661307179455,42.7452659463889,107.81737153619,-167.852642798956,-4.26779959134908,171.998482023764
-157.15389017504,43.3220824320336,107.409081735038,-167.620257803859,-4.11863367857152,171.933602328794
-154.791129107078,43.9529593196081,107.793107015159,-167.280721738961,-3.82185839320731,172.444417974027
-153.86547921599,43.6668799981224,107.420295181521,-166.535639854086,-4.05856700358281,171.807848719815
-152.721649125531,43.8119180915019,107.801840252386,-165.878881340375,-4.48052042462722,171.251762867531
-151.264566848715,43.500688147618,107.259466617843,-166.026456991173,-4.17073517091566,170.776264168536
-150.062863171434,43.3612858111683,107.051199339085,-165.619563413204,-4.59507515358509,169.830019319377
-148.31752043263,43.8496659045901,107.007306224652,-165.584438058443,-4.935076905126,168.980290580077
-147.289305369476,43.9384793474394,106.828893392277,-164.804285256688,-4.63540677559259,169.314903888725
-146.225276467528,44.0204121289969,106.447663364073,-164.520920398266,-4.40140779221905,169.373534200348
-145.104426807559,43.9841486278589,106.16833691745,-164.329643020156,-4.33515908590297,169.20858697839
-143.904619888873,43.1959071770033,105.566885104373,-164.390473372153,-5.16739466015635,168.780930082287
-142.937629487336,42.9687663750827,105.52133311314,-164.144380682149,-5.172123241929,168.558366508974
-142.117517576473,43.6338791784432,105.560213216899,-163.886903323868,-5.32653043910812,168.241005129773
-142.030413325617,43.1935132753085,105.358344225803,-162.816963550786,-4.86122484166699,168.777669273502
-141.953873741667,42.4549041146296,105.125420620811,-162.261401600326,-4.76777573972182,168.951345132067
-142.000952637915,41.8403774136391,105.125017058211,-161.916995740939,-5.01422932487562,169.015650099515
-142.068570331991,40.9345118825731,105.235383038579,-161.59036050788,-5.43241581045308,169.227737101354
-142.445818645605,40.0658147916867,105.390775456593,-161.508732231254,-5.68433300630335,169.402863751281
-143.217224098125,38.9487130648808,105.128467063958,-160.956596711458,-5.97838258516756,169.73843016618
-144.565974429906,38.1537855833646,104.447999949806,-161.064518192162,-5.99910524249967,169.89273279433
-145.679941065818,37.4206948119136,104.011440428234,-160.969909007401,-6.26318980698072,170.062163742684
-147.056485003155,36.7324781420125,103.838462439448,-160.06532487032,-6.59850528717042,169.610169442688
-147.723836506864,35.8512390590346,104.253273394073,-159.478898401333,-6.94760258854858,170.086936267239
-149.513089957036,34.8365202016086,104.024567750203,-158.888170347386,-7.44195092887541,169.810424015512
-150.597892740157,33.1998040627991,104.076066104791,-158.599037233797,-7.68181847256648,170.487091475456
-152.048231633456,31.154185602317,104.206717132246,-158.507999419777,-8.07654379226796,171.249056409848
-153.792527862251,29.3374898064211,104.485373507392,-158.043652091181,-8.66156321153409,171.69053079632
-156.187936043611,27.3954030542127,104.893277794222,-158.024453713363,-9.14410778550033,172.224197349356
-158.527810626308,25.7841830365215,105.79828615294,-157.771997850715,-9.78472109358313,172.679043792225
-161.437094585712,23.6853846134057,106.499789508106,-157.538462740251,-10.5281367976475,173.273118347834
-164.698679307217,21.8295291764659,107.335863598532,-158.294146765131,-11.3802290072472,174.243888888594
-167.993187682219,20.8489474918111,108.165383034629,-159.371293427487,-11.8038689287583,174.710961621074
-172.800522912839,21.448193511187,106.860963111739,-160.821350086979,-11.4485632616962,174.63608262154
-177.076569867228,21.3020887141264,106.582370274698,-161.946808054183,-11.7455740898829,174.938990220205
-181.648939541696,21.7977725433381,106.438310887372,-164.024534764112,-11.79943715475,175.641765672316
-186.352855834438,21.6693117066277,106.12784742673,-166.06024802161,-12.3321808225704,177.067263978053
-192.03778327941,21.5396262835546,105.625558296074,-168.221519679845,-12.5595716384756,178.977677804211
-197.24952850754,20.627237304318,105.722737846983,-170.706143312084,-12.5575086967829,-178.944563818765
-203.235799087477,19.0316686157692,106.654603255322,-174.36094937928,-13.0974590328643,-176.64792936267
